 table_name                      , table_rows , index_data , data_data , TABLE_COMMENT                                                   , CREATE_TIME         , UPDATE_TIME         
 app_game                        ,87, 0.02MB     , 0.02MB    , APP游戏 - 游戏表                                                , 2021-04-12 11:20:42 , 2021-04-29 10:37:34 
 app_order                       ,475194, 99.28MB    , 87.59MB   , APP游戏 - 订单                                                  , 2021-04-12 11:20:42 , 2021-04-29 13:05:19 
 app_order_game                  ,137555, 3.02MB     , 7.52MB    , APP游戏 - 与app_order一对一关系，充值游戏信息                   , 2021-04-12 11:20:42 , 2021-04-29 13:05:09 
 ly_amusement_task               ,66, 0.00MB     , 0.02MB    , 星球游乐园2.2，游乐园联运游戏今日任务类型表                     , 2021-04-12 11:20:42 , 2021-04-28 11:12:27 
 ly_cheetah_users                ,986942, 62.64MB    , 156.64MB  ,                                                                 , 2021-04-12 11:20:42 , 2021-04-29 13:08:19 
 ly_config                       ,0, 0.00MB     , 0.02MB    , 联运平台配置信息表                                              , 2021-04-12 11:20:42 , NULL                
 ly_curl_analysis                ,11309, 0.53MB     , 2.52MB    , curl执行时间分析表                                              , 2021-04-12 11:20:42 , NULL                
 ly_game_active_summary          ,78977, 5.52MB     , 12.55MB   , 星球游乐园2.2-联运游戏留存活跃统计                              , 2021-04-12 11:20:42 , 2021-04-29 01:03:34 
 ly_game_login_history           ,355556, 14.55MB    , 39.63MB   , 星球游乐园2.2-联运游戏登录历史                                  , 2021-04-12 11:20:42 , NULL                
 ly_game_login_history_2019_08   ,553261, 26.59MB    , 71.70MB   , 星球游乐园2.2-联运游戏登录历史                                  , 2021-04-12 11:20:42 , NULL                
 ly_game_login_history_2019_09   ,1711656, 144.42MB   , 192.00MB  , 星球游乐园2.2-联运游戏登录历史                                  , 2021-04-12 11:20:42 , NULL                
 ly_game_login_history_2019_10   ,8104325, 685.00MB   , 898.98MB  , 星球游乐园2.2-联运游戏登录历史                                  , 2021-04-12 11:20:42 , NULL                
 ly_game_login_history_2019_11   ,11725508, 1019.00MB  , 1283.98MB , 星球游乐园2.2-联运游戏登录历史                                  , 2021-04-12 11:20:42 , NULL                
 ly_game_login_history_2019_12   ,34048782, 2927.98MB  , 3717.00MB , 星球游乐园2.2-联运游戏登录历史                                  , 2021-04-12 11:20:42 , NULL                
 ly_game_login_history_2020_01   ,11583505, 949.00MB   , 1201.00MB , 星球游乐园2.2-联运游戏登录历史                                  , 2021-04-12 11:20:42 , NULL                
 ly_game_login_history_2020_02   ,23282759, 1664.00MB  , 2140.00MB , 星球游乐园2.2-联运游戏登录历史                                  , 2021-04-12 11:20:42 , NULL                
 ly_game_login_history_2020_03   ,13194423, 1188.98MB  , 1496.00MB , 星球游乐园2.2-联运游戏登录历史                                  , 2021-04-12 11:20:42 , NULL                
 ly_game_login_history_2020_04   ,37087623, 2919.00MB  , 3756.00MB , 星球游乐园2.2-联运游戏登录历史                                  , 2021-04-12 11:20:42 , NULL                
 ly_game_login_history_2020_05   ,12022504, 1017.00MB  , 1273.00MB , 星球游乐园2.2-联运游戏登录历史                                  , 2021-04-12 11:20:42 , NULL                
 ly_game_login_history_2020_06   ,12903689, 1069.00MB  , 1339.98MB , 星球游乐园2.2-联运游戏登录历史                                  , 2021-04-12 11:20:42 , NULL                
 ly_game_login_history_2020_07   ,11593491, 1032.00MB  , 1267.00MB , 星球游乐园2.2-联运游戏登录历史                                  , 2021-04-12 11:20:42 , NULL                
 ly_game_login_history_2020_08   ,10660639, 849.00MB   , 1039.00MB , 星球游乐园2.2-联运游戏登录历史                                  , 2021-04-12 11:20:42 , NULL                
 ly_game_login_history_2020_09   ,26197073, 2389.98MB  , 2959.98MB , 星球游乐园2.2-联运游戏登录历史                                  , 2021-04-12 11:20:42 , NULL                
 ly_game_login_history_2020_10   ,9531084, 900.00MB   , 1079.00MB , 星球游乐园2.2-联运游戏登录历史                                  , 2021-04-12 11:20:42 , NULL                
 ly_game_login_history_2020_11   ,8340494, 704.00MB   , 862.00MB  , 星球游乐园2.2-联运游戏登录历史                                  , 2021-04-12 11:20:42 , NULL                
 ly_game_login_history_2020_12   ,8183527, 682.00MB   , 839.00MB  , 星球游乐园2.2-联运游戏登录历史                                  , 2021-04-12 11:20:42 , NULL                
 ly_game_login_history_2021_01   ,7827095, 704.00MB   , 870.00MB  , 星球游乐园2.2-联运游戏登录历史                                  , 2021-04-12 11:20:42 , NULL                
 ly_game_login_history_2021_02   ,6957374, 591.00MB   , 720.00MB  , 星球游乐园2.2-联运游戏登录历史                                  , 2021-04-12 11:20:42 , NULL                
 ly_game_login_history_2021_03   ,7006178, 594.00MB   , 717.00MB  , 星球游乐园2.2-联运游戏登录历史                                  , 2021-04-12 11:20:42 , NULL                
 ly_game_login_history_2021_04   ,11451857, 910.00MB   , 1114.00MB , 星球游乐园2.2-联运游戏登录历史                                  , 2021-04-12 11:20:42 , 2021-04-29 13:08:40 
 ly_game_login_history_2021_05   ,0, 0.03MB     , 0.02MB    , 星球游乐园2.2-联运游戏登录历史                                  , 2021-04-12 11:20:42 , NULL                
 ly_game_login_history_2021_06   ,0, 0.03MB     , 0.02MB    , 星球游乐园2.2-联运游戏登录历史                                  , 2021-04-12 11:20:42 , NULL                
 ly_game_login_history_2021_07   ,0, 0.03MB     , 0.02MB    , 星球游乐园2.2-联运游戏登录历史                                  , 2021-04-12 11:20:42 , NULL                
 ly_game_login_history_2021_08   ,0, 0.03MB     , 0.02MB    , 星球游乐园2.2-联运游戏登录历史                                  , 2021-04-12 11:20:42 , NULL                
 ly_game_login_history_2021_09   ,0, 0.03MB     , 0.02MB    , 星球游乐园2.2-联运游戏登录历史                                  , 2021-04-12 11:20:42 , NULL                
 ly_game_login_history_2021_10   ,0, 0.03MB     , 0.02MB    , 星球游乐园2.2-联运游戏登录历史                                  , 2021-04-15 00:00:01 , NULL                
 ly_game_map                     ,5, 0.05MB     , 0.02MB    , 联运游戏包名映射                                                , 2021-04-12 11:20:42 , NULL                
 ly_game_pay_summary             ,460167, 29.58MB    , 85.78MB   , 联运游戏充值统计                                                , 2021-04-12 11:20:42 , 2021-04-29 02:00:07 
 ly_game_task_summary            ,3921, 0.00MB     , 1.52MB    , 手游任务数据统计                                                , 2021-04-12 11:20:42 , 2021-04-29 01:30:01 
 ly_h5_game_manage               ,278, 0.02MB     , 0.20MB    , 联运H5游戏管理                                                  , 2021-04-27 16:09:21 , 2021-04-29 11:01:21 
 ly_h5_users                     ,0, 0.03MB     , 0.02MB    , 用户表                                                          , 2021-04-12 11:20:42 , NULL                
 ly_h5_users_1917_ttjjby         ,0, 0.03MB     , 0.02MB    , 用户表                                                          , 2021-04-19 17:25:00 , NULL                
 ly_h5_users_2345zy_aquafarm     ,209321, 11.03MB    , 9.52MB    , 用户表                                                          , 2021-04-12 11:20:42 , 2021-04-29 13:08:40 
 ly_h5_users_2345zy_ddz          ,149253, 6.03MB     , 7.52MB    , 用户表                                                          , 2021-04-12 11:20:42 , 2021-04-29 13:08:36 
 ly_h5_users_2345zy_farm         ,202847, 11.03MB    , 9.52MB    , 用户表                                                          , 2021-04-12 11:20:42 , 2021-04-29 13:08:40 
 ly_h5_users_2345zy_hldy         ,47785, 3.03MB     , 2.52MB    , 用户表                                                          , 2021-04-12 11:20:42 , NULL                
 ly_h5_users_2345zy_lxxxl        ,22337, 0.73MB     , 1.52MB    , 用户表                                                          , 2021-04-12 11:20:42 , 2021-04-29 13:06:47 
 ly_h5_users_2345zy_manor        ,281555, 11.03MB    , 13.52MB   , 用户表                                                          , 2021-04-12 11:20:42 , 2021-04-29 13:07:16 
 ly_h5_users_2345zy_orchard      ,436765, 19.03MB    , 20.55MB   , 用户表                                                          , 2021-04-12 11:20:42 , 2021-04-29 13:08:40 
 ly_h5_users_2345zy_sjbjs        ,29265, 1.95MB     , 1.52MB    , 用户表                                                          , 2021-04-12 11:20:42 , 2021-04-29 11:26:41 
 ly_h5_users_2345zy_stock        ,8142, 0.33MB     , 0.39MB    , 用户表                                                          , 2021-04-12 11:20:42 , NULL                
 ly_h5_users_2345zy_turntable    ,114026, 6.03MB     , 5.52MB    , 用户表                                                          , 2021-04-12 11:20:42 , 2021-04-29 13:08:08 
 ly_h5_users_2345zy_turntablev2  ,107702, 5.03MB     , 5.52MB    , 用户表                                                          , 2021-04-12 11:20:42 , 2021-04-29 13:08:40 
 ly_h5_users_2345zy_vimage       ,289905, 11.03MB    , 13.52MB   , 用户表                                                          , 2021-04-12 11:20:42 , 2021-04-29 13:08:37 
 ly_h5_users_2345zy_walk         ,293053, 12.03MB    , 13.52MB   , 用户表                                                          , 2021-04-12 11:20:42 , 2021-04-29 13:08:40 
 ly_h5_users_2345zy_xlmj         ,38716, 3.03MB     , 2.52MB    , 用户表                                                          , 2021-04-12 11:20:42 , 2021-04-29 13:06:02 
 ly_h5_users_2345zy_xqbqe        ,54436, 3.03MB     , 2.52MB    , 用户表                                                          , 2021-04-12 11:20:42 , 2021-04-29 13:07:07 
 ly_h5_users_2345zy_xqimage      ,0, 0.03MB     , 0.02MB    , 用户表                                                          , 2021-04-12 11:20:42 , NULL                
 ly_h5_users_2345zy_xsbmmm       ,58581, 3.03MB     , 3.52MB    , 用户表                                                          , 2021-04-12 11:20:42 , 2021-04-29 13:06:48 
 ly_h5_users_37_wddg_h5          ,63992, 3.03MB     , 3.52MB    , 用户表                                                          , 2021-04-12 11:20:42 , 2021-04-29 12:50:03 
 ly_h5_users_37_zytl_h5          ,57109, 3.03MB     , 2.52MB    , 用户表                                                          , 2021-04-12 11:20:42 , 2021-04-29 12:42:40 
 ly_h5_users_5144_sgs            ,0, 0.03MB     , 0.02MB    , 用户表                                                          , 2021-04-14 13:13:35 , NULL                
 ly_h5_users_8u_blzdy            ,28, 0.03MB     , 0.02MB    , 用户表                                                          , 2021-04-12 11:20:42 , NULL                
 ly_h5_users_8u_bzyxt            ,67, 0.03MB     , 0.02MB    , 用户表                                                          , 2021-04-12 11:20:42 , 2021-04-29 12:00:10 
 ly_h5_users_8u_dhz              ,40, 0.03MB     , 0.02MB    , 用户表                                                          , 2021-04-25 10:00:58 , 2021-04-29 12:49:48 
 ly_h5_users_8u_dpxx             ,2993, 0.16MB     , 0.17MB    , 用户表                                                          , 2021-04-12 11:20:42 , 2021-04-29 12:01:35 
 ly_h5_users_8u_frxxzgjb         ,189, 0.03MB     , 0.02MB    , 用户表                                                          , 2021-04-12 11:20:42 , 2021-04-29 10:59:23 
 ly_h5_users_8u_fxzn             ,495, 0.03MB     , 0.05MB    , 用户表                                                          , 2021-04-12 11:20:42 , 2021-04-28 15:26:38 
 ly_h5_users_8u_gsdld            ,0, 0.03MB     , 0.02MB    , 用户表                                                          , 2021-04-25 10:02:51 , 2021-04-25 13:08:41 
 ly_h5_users_8u_hrl              ,422, 0.03MB     , 0.05MB    , 用户表                                                          , 2021-04-12 11:20:42 , 2021-04-28 15:18:56 
 ly_h5_users_8u_hxjhbwzj         ,2, 0.03MB     , 0.02MB    , 用户表                                                          , 2021-04-25 10:02:26 , 2021-04-26 09:54:51 
 ly_h5_users_8u_jjqpby           ,23, 0.03MB     , 0.02MB    , 用户表                                                          , 2021-04-25 10:01:39 , 2021-04-28 23:49:56 
 ly_h5_users_8u_kdsgz            ,566, 0.03MB     , 0.06MB    , 用户表                                                          , 2021-04-12 11:20:42 , 2021-04-29 13:05:31 
 ly_h5_users_8u_lmzj             ,0, 0.03MB     , 0.02MB    , 用户表                                                          , 2021-04-12 11:20:42 , NULL                
 ly_h5_users_8u_lzgd             ,0, 0.03MB     , 0.02MB    , 用户表                                                          , 2021-04-12 11:20:42 , NULL                
 ly_h5_users_8u_mhqyh5           ,173, 0.03MB     , 0.02MB    , 用户表                                                          , 2021-04-12 11:20:42 , 2021-04-28 15:42:23 
 ly_h5_users_8u_qmzgh5           ,14, 0.03MB     , 0.02MB    , 用户表                                                          , 2021-04-25 10:02:03 , 2021-04-28 23:20:10 
 ly_h5_users_8u_rxzr             ,136, 0.03MB     , 0.02MB    , 用户表                                                          , 2021-04-12 11:20:42 , 2021-04-29 11:59:01 
 ly_h5_users_8u_smz              ,244, 0.03MB     , 0.02MB    , 用户表                                                          , 2021-04-12 11:20:42 , 2021-04-28 15:17:30 
 ly_h5_users_8u_tj               ,1032, 0.03MB     , 0.08MB    , 用户表                                                          , 2021-04-12 11:20:42 , 2021-04-28 14:57:28 
 ly_h5_users_8u_xdxjl            ,64, 0.03MB     , 0.02MB    , 用户表                                                          , 2021-04-12 11:20:42 , 2021-04-27 09:32:29 
 ly_h5_users_8u_xyxxj            ,1323, 0.09MB     , 0.09MB    , 用户表                                                          , 2021-04-12 11:20:42 , NULL                
 ly_h5_users_8u_ygys             ,1534, 0.09MB     , 0.09MB    , 用户表                                                          , 2021-04-12 11:20:42 , 2021-04-28 21:10:47 
 ly_h5_users_awy_ysryfk          ,0, 0.03MB     , 0.02MB    , 用户表                                                          , 2021-04-12 11:20:42 , NULL                
 ly_h5_users_bk_bkby             ,167713, 6.03MB     , 7.52MB    , 用户表                                                          , 2021-04-12 11:20:42 , 2021-04-29 13:08:37 
 ly_h5_users_bk_kdhs             ,14589, 0.55MB     , 1.52MB    , 用户表                                                          , 2021-04-12 11:20:42 , 2021-04-29 12:35:25 
 ly_h5_users_by_jcby1            ,28, 0.03MB     , 0.02MB    , 用户表                                                          , 2021-04-19 17:11:22 , 2021-04-29 10:59:22 
 ly_h5_users_by_jinchan2         ,314, 0.03MB     , 0.02MB    , 用户表                                                          , 2021-04-15 17:54:08 , 2021-04-29 13:07:56 
 ly_h5_users_cl_zjqxz_h5         ,349, 0.03MB     , 0.02MB    , 用户表                                                          , 2021-04-12 11:20:42 , NULL                
 ly_h5_users_cx_dsby             ,1577, 0.09MB     , 0.11MB    , 用户表                                                          , 2021-04-12 11:20:42 , 2021-04-29 13:05:58 
 ly_h5_users_cy_scmjxzdd         ,8821, 0.33MB     , 0.42MB    , 用户表                                                          , 2021-04-12 11:20:42 , 2021-04-29 13:01:03 
 ly_h5_users_cy_ttddz            ,13250, 0.48MB     , 1.52MB    , 用户表                                                          , 2021-04-12 11:20:42 , 2021-04-29 13:02:56 
 ly_h5_users_cy_ttddzcs          ,0, 0.03MB     , 0.02MB    , 用户表                                                          , 2021-04-12 11:20:42 , NULL                
 ly_h5_users_cy_wltq             ,31224, 1.98MB     , 1.52MB    , 用户表                                                          , 2021-04-12 11:20:42 , NULL                
 ly_h5_users_cy_zjpdk            ,10876, 0.48MB     , 0.52MB    , 用户表                                                          , 2021-04-12 11:20:42 , 2021-04-29 08:29:02 
 ly_h5_users_dh_fgbfk            ,0, 0.03MB     , 0.02MB    , 用户表                                                          , 2021-04-12 11:20:42 , NULL                
 ly_h5_users_dh_sdtccd           ,0, 0.03MB     , 0.02MB    , 用户表                                                          , 2021-04-12 11:20:42 , NULL                
 ly_h5_users_dianyou_csfs_h5     ,51840, 3.03MB     , 2.52MB    , 用户表                                                          , 2021-04-12 11:20:42 , NULL                
 ly_h5_users_dianyou_fbyz_h5     ,23895, 0.69MB     , 1.52MB    , 用户表                                                          , 2021-04-12 11:20:42 , NULL                
 ly_h5_users_dianyou_xyj         ,3690, 0.16MB     , 0.20MB    , 用户表                                                          , 2021-04-12 11:20:42 , NULL                
 ly_h5_users_djs_gzsjfzcy        ,559, 0.03MB     , 0.06MB    , 用户表                                                          , 2021-04-15 14:29:18 , 2021-04-29 12:34:40 
 ly_h5_users_djs_jdjh            ,3205, 0.16MB     , 0.17MB    , 用户表                                                          , 2021-04-12 11:20:42 , 2021-04-29 13:07:01 
 ly_h5_users_djs_jzsy            ,71, 0.03MB     , 0.02MB    , 用户表                                                          , 2021-04-12 11:20:42 , 2021-04-29 09:34:17 
 ly_h5_users_djs_md              ,1155, 0.06MB     , 0.08MB    , 用户表                                                          , 2021-04-12 11:20:42 , 2021-04-28 17:40:34 
 ly_h5_users_djs_sbkcq           ,29, 0.03MB     , 0.02MB    , 用户表                                                          , 2021-04-12 11:20:42 , 2021-04-29 13:04:15 
 ly_h5_users_djs_ssjt            ,243, 0.03MB     , 0.02MB    , 用户表                                                          , 2021-04-12 11:20:42 , 2021-04-29 12:33:03 
 ly_h5_users_fkw_xjy_h5          ,3, 0.03MB     , 0.02MB    , 用户表                                                          , 2021-04-12 11:20:42 , NULL                
 ly_h5_users_gc_dszy_h5          ,4, 0.03MB     , 0.02MB    , 用户表                                                          , 2021-04-12 11:20:42 , NULL                
 ly_h5_users_gzxd_cqzj           ,39, 0.03MB     , 0.02MB    , 用户表                                                          , 2021-04-25 10:21:28 , 2021-04-29 13:05:18 
 ly_h5_users_gzxl_sglj           ,4, 0.03MB     , 0.02MB    , 用户表                                                          , 2021-04-19 10:27:06 , 2021-04-26 23:15:56 
 ly_h5_users_gzxl_tyqy           ,0, 0.03MB     , 0.02MB    , 用户表                                                          , 2021-04-20 13:07:55 , 2021-04-28 23:00:06 
 ly_h5_users_gzxl_wjjz           ,8, 0.03MB     , 0.02MB    , 用户表                                                          , 2021-04-14 10:08:53 , 2021-04-26 23:08:01 
 ly_h5_users_hd_cqsj             ,342, 0.03MB     , 0.02MB    , 用户表                                                          , 2021-04-12 11:20:42 , 2021-04-29 00:04:48 
 ly_h5_users_hd_djtx             ,97206, 4.03MB     , 4.52MB    , 用户表                                                          , 2021-04-12 11:20:42 , 2021-04-29 13:01:21 
 ly_h5_users_hd_fsc              ,4197, 0.17MB     , 0.22MB    , 用户表                                                          , 2021-04-12 11:20:42 , 2021-04-29 07:56:00 
 ly_h5_users_hd_ttdxc_h5         ,122310, 5.03MB     , 5.52MB    , 用户表                                                          , 2021-04-12 11:20:42 , NULL                
 ly_h5_users_hd_xkx              ,497, 0.03MB     , 0.05MB    , 用户表                                                          , 2021-04-12 11:20:42 , 2021-04-29 11:07:50 
 ly_h5_users_hd_ytcq_h5          ,27135, 0.78MB     , 1.52MB    , 用户表                                                          , 2021-04-12 11:20:42 , 2021-04-29 11:45:13 
 ly_h5_users_hjy_cznws           ,103, 0.03MB     , 0.02MB    , 用户表                                                          , 2021-04-21 14:32:04 , 2021-04-29 08:58:55 
 ly_h5_users_hjy_fzdmx           ,205, 0.03MB     , 0.02MB    , 用户表                                                          , 2021-04-21 14:32:14 , 2021-04-29 13:01:18 
 ly_h5_users_hjy_jlzg            ,28, 0.03MB     , 0.02MB    , 用户表                                                          , 2021-04-19 10:00:14 , 2021-04-28 16:19:44 
 ly_h5_users_hjy_jzxjz           ,2, 0.03MB     , 0.02MB    , 用户表                                                          , 2021-04-21 15:18:46 , 2021-04-27 16:06:13 
 ly_h5_users_hjy_ldzw            ,18, 0.03MB     , 0.02MB    , 用户表                                                          , 2021-04-19 10:00:06 , 2021-04-29 00:01:28 
 ly_h5_users_hjy_mjsg            ,11, 0.03MB     , 0.02MB    , 用户表                                                          , 2021-04-21 15:15:45 , 2021-04-26 23:12:15 
 ly_h5_users_hjy_rxqyz           ,6, 0.03MB     , 0.02MB    , 用户表                                                          , 2021-04-21 15:16:33 , 2021-04-27 21:04:19 
 ly_h5_users_hjy_ryjq            ,2, 0.03MB     , 0.02MB    , 用户表                                                          , 2021-04-21 15:16:29 , 2021-04-26 23:29:44 
 ly_h5_users_hjy_snfs            ,49, 0.03MB     , 0.02MB    , 用户表                                                          , 2021-04-19 09:59:19 , 2021-04-28 23:49:40 
 ly_h5_users_hjy_xylr            ,25, 0.03MB     , 0.02MB    , 用户表                                                          , 2021-04-28 11:24:41 , 2021-04-29 13:04:56 
 ly_h5_users_hs_clgx             ,0, 0.03MB     , 0.02MB    , 用户表                                                          , 2021-04-12 11:20:42 , NULL                
 ly_h5_users_hs_cyzyx            ,3897, 0.16MB     , 0.20MB    , 用户表                                                          , 2021-04-12 11:20:42 , NULL                
 ly_h5_users_hw_jzxxz            ,621, 0.03MB     , 0.06MB    , 用户表                                                          , 2021-04-12 11:20:42 , 2021-04-28 15:47:29 
 ly_h5_users_hw_lzgd             ,0, 0.03MB     , 0.02MB    , 用户表                                                          , 2021-04-12 11:20:42 , NULL                
 ly_h5_users_hw_lzgdol           ,0, 0.03MB     , 0.02MB    , 用户表                                                          , 2021-04-12 11:20:42 , NULL                
 ly_h5_users_hw_wznba            ,76, 0.03MB     , 0.02MB    , 用户表                                                          , 2021-04-12 11:20:42 , 2021-04-26 20:26:56 
 ly_h5_users_hw_xycy             ,0, 0.03MB     , 0.02MB    , 用户表                                                          , 2021-04-12 11:20:42 , NULL                
 ly_h5_users_hw_xyjol            ,2, 0.03MB     , 0.02MB    , 用户表                                                          , 2021-04-12 11:20:42 , NULL                
 ly_h5_users_hw_ylq              ,9, 0.03MB     , 0.02MB    , 用户表                                                          , 2021-04-23 16:20:00 , 2021-04-27 20:57:07 
 ly_h5_users_hw_yzcs2ahjq        ,28, 0.03MB     , 0.02MB    , 用户表                                                          , 2021-04-20 16:45:55 , 2021-04-28 20:05:08 
 ly_h5_users_hy_jyyx             ,0, 0.03MB     , 0.02MB    , 用户表                                                          , 2021-04-28 17:19:03 , NULL                
 ly_h5_users_hy_lbxgj            ,0, 0.03MB     , 0.02MB    , 用户表                                                          , 2021-04-28 17:18:03 , 2021-04-28 18:27:26 
 ly_h5_users_hy_mymnq            ,0, 0.03MB     , 0.02MB    , 用户表                                                          , 2021-04-28 17:18:25 , NULL                
 ly_h5_users_hy_zwmdz            ,240, 0.03MB     , 0.02MB    , 用户表                                                          , 2021-04-19 14:37:17 , 2021-04-29 13:06:54 
 ly_h5_users_lb_3dball           ,137, 0.03MB     , 0.02MB    , 用户表                                                          , 2021-04-12 11:20:42 , NULL                
 ly_h5_users_lb_alirunfast       ,15032, 0.53MB     , 1.52MB    , 用户表                                                          , 2021-04-12 11:20:42 , NULL                
 ly_h5_users_lb_basketball       ,8146, 0.30MB     , 0.39MB    , 用户表                                                          , 2021-04-12 11:20:42 , NULL                
 ly_h5_users_lb_basketballbaster ,16655, 0.63MB     , 1.52MB    , 用户表                                                          , 2021-04-12 11:20:42 , NULL                
 ly_h5_users_lb_bigboss          ,20358, 0.77MB     , 1.52MB    , 用户表                                                          , 2021-04-12 11:20:42 , 2021-04-25 13:28:23 
 ly_h5_users_lb_brainbomb        ,63449, 3.03MB     , 3.52MB    , 用户表                                                          , 2021-04-12 11:20:42 , 2021-04-29 12:10:43 
 ly_h5_users_lb_brickBall        ,13252, 0.52MB     , 1.52MB    , 用户表                                                          , 2021-04-12 11:20:42 , NULL                
 ly_h5_users_lb_brickesnballs    ,21740, 0.77MB     , 1.52MB    , 用户表                                                          , 2021-04-12 11:20:42 , NULL                
 ly_h5_users_lb_brickspuzzle     ,7132, 0.28MB     , 0.34MB    , 用户表                                                          , 2021-04-12 11:20:42 , NULL                
 ly_h5_users_lb_bumper           ,1283, 0.09MB     , 0.09MB    , 用户表                                                          , 2021-04-12 11:20:42 , NULL                
 ly_h5_users_lb_crossinggaps     ,9848, 0.34MB     , 0.47MB    , 用户表                                                          , 2021-04-12 11:20:42 , NULL                
 ly_h5_users_lb_cydgr            ,0, 0.03MB     , 0.02MB    , 用户表                                                          , 2021-04-12 11:20:42 , NULL                
 ly_h5_users_lb_decipher         ,8151, 0.30MB     , 0.39MB    , 用户表                                                          , 2021-04-12 11:20:42 , NULL                
 ly_h5_users_lb_deepseafishing   ,32399, 2.00MB     , 1.52MB    , 用户表                                                          , 2021-04-12 11:20:42 , 2021-04-29 13:08:21 
 ly_h5_users_lb_dinosaur         ,9161, 0.31MB     , 0.44MB    , 用户表                                                          , 2021-04-12 11:20:42 , 2021-04-29 10:03:36 
 ly_h5_users_lb_eliminatestars2  ,51600, 3.03MB     , 2.52MB    , 用户表                                                          , 2021-04-12 11:20:42 , 2021-04-29 13:08:37 
 ly_h5_users_lb_farm             ,163191, 6.03MB     , 7.52MB    , 用户表                                                          , 2021-04-12 11:20:42 , 2021-04-29 12:54:07 
 ly_h5_users_lb_feedchicken      ,3681, 0.16MB     , 0.20MB    , 用户表                                                          , 2021-04-12 11:20:42 , 2021-04-29 13:06:33 
 ly_h5_users_lb_fiveinarow       ,11, 0.03MB     , 0.02MB    , 用户表                                                          , 2021-04-12 11:20:42 , NULL                
 ly_h5_users_lb_flyme            ,13675, 0.52MB     , 1.52MB    , 用户表                                                          , 2021-04-12 11:20:42 , NULL                
 ly_h5_users_lb_football         ,17119, 0.67MB     , 1.52MB    , 用户表                                                          , 2021-04-12 11:20:42 , NULL                
 ly_h5_users_lb_fruitninja       ,46980, 3.03MB     , 2.52MB    , 用户表                                                          , 2021-04-12 11:20:42 , 2021-04-29 12:59:05 
 ly_h5_users_lb_funnycolor       ,7813, 0.30MB     , 0.38MB    , 用户表                                                          , 2021-04-12 11:20:42 , NULL                
 ly_h5_users_lb_funnyconnect     ,26730, 0.77MB     , 1.52MB    , 用户表                                                          , 2021-04-12 11:20:42 , 2021-04-29 13:07:46 
 ly_h5_users_lb_funnyjelly       ,50213, 3.03MB     , 3.52MB    , 用户表                                                          , 2021-04-12 11:20:42 , 2021-04-29 13:08:37 
 ly_h5_users_lb_funnyjump        ,23466, 0.86MB     , 1.52MB    , 用户表                                                          , 2021-04-12 11:20:42 , NULL                
 ly_h5_users_lb_game_1010        ,36577, 3.03MB     , 2.52MB    , 用户表                                                          , 2021-04-12 11:20:42 , 2021-04-29 13:06:53 
 ly_h5_users_lb_game_2048        ,6125, 0.25MB     , 0.31MB    , 用户表                                                          , 2021-04-12 11:20:42 , NULL                
 ly_h5_users_lb_gddtk2           ,41310, 3.03MB     , 2.52MB    , 用户表                                                          , 2021-04-12 11:20:42 , NULL                
 ly_h5_users_lb_hamster          ,91629, 5.03MB     , 4.52MB    , 用户表                                                          , 2021-04-12 11:20:42 , NULL                
 ly_h5_users_lb_happyglass       ,26130, 3.03MB     , 1.52MB    , 用户表                                                          , 2021-04-12 11:20:42 , 2021-04-29 13:02:06 
 ly_h5_users_lb_happykitchen     ,44272, 3.03MB     , 2.52MB    , 用户表                                                          , 2021-04-12 11:20:42 , 2021-04-29 12:56:28 
 ly_h5_users_lb_happysoccer      ,7823, 0.31MB     , 0.38MB    , 用户表                                                          , 2021-04-12 11:20:42 , NULL                
 ly_h5_users_lb_hexfunxiao       ,35235, 1.00MB     , 2.52MB    , 用户表                                                          , 2021-04-12 11:20:42 , NULL                
 ly_h5_users_lb_idiom            ,232067, 10.03MB    , 10.52MB   , 用户表                                                          , 2021-04-12 11:20:42 , 2021-04-29 13:00:00 
 ly_h5_users_lb_idiomman         ,238448, 10.03MB    , 11.52MB   , 用户表                                                          , 2021-04-12 11:20:42 , 2021-04-29 11:19:49 
 ly_h5_users_lb_mazedash         ,8490, 0.30MB     , 0.41MB    , 用户表                                                          , 2021-04-12 11:20:42 , NULL                
 ly_h5_users_lb_meimeixiaoxiaole ,2, 0.03MB     , 0.02MB    , 用户表                                                          , 2021-04-12 11:20:42 , NULL                
 ly_h5_users_lb_myisland         ,12960, 0.39MB     , 0.52MB    , 用户表                                                          , 2021-04-12 11:20:42 , NULL                
 ly_h5_users_lb_nnycj            ,20655, 0.61MB     , 1.52MB    , 用户表                                                          , 2021-04-12 11:20:42 , 2021-04-28 22:14:52 
 ly_h5_users_lb_onestroke        ,14613, 0.55MB     , 1.52MB    , 用户表                                                          , 2021-04-12 11:20:42 , NULL                
 ly_h5_users_lb_openrestaurants  ,23752, 0.91MB     , 1.52MB    , 用户表                                                          , 2021-04-12 11:20:42 , 2021-04-29 12:29:52 
 ly_h5_users_lb_pianotiles2      ,57155, 3.03MB     , 3.52MB    , 用户表                                                          , 2021-04-12 11:20:42 , 2021-04-29 13:08:18 
 ly_h5_users_lb_pianotiles3      ,4022, 0.17MB     , 0.22MB    , 用户表                                                          , 2021-04-12 11:20:42 , 2021-04-29 02:21:06 
 ly_h5_users_lb_pigman           ,41100, 3.03MB     , 2.52MB    , 用户表                                                          , 2021-04-12 11:20:42 , 2021-04-29 13:01:29 
 ly_h5_users_lb_planego          ,0, 0.03MB     , 0.02MB    , 用户表                                                          , 2021-04-12 11:20:42 , NULL                
 ly_h5_users_lb_publish_zhuhai   ,0, 0.03MB     , 0.02MB    , 用户表                                                          , 2021-04-12 11:20:42 , NULL                
 ly_h5_users_lb_rescuechild      ,4377, 0.17MB     , 0.23MB    , 用户表                                                          , 2021-04-12 11:20:42 , 2021-04-29 12:57:13 
 ly_h5_users_lb_rollinghex       ,13602, 0.53MB     , 1.52MB    , 用户表                                                          , 2021-04-12 11:20:42 , NULL                
 ly_h5_users_lb_sailinglegend    ,7138, 0.28MB     , 0.34MB    , 用户表                                                          , 2021-04-12 11:20:42 , NULL                
 ly_h5_users_lb_shootman         ,18680, 0.69MB     , 1.52MB    , 用户表                                                          , 2021-04-12 11:20:42 , 2021-04-29 11:07:06 
 ly_h5_users_lb_slingshot        ,12899, 0.50MB     , 1.52MB    , 用户表                                                          , 2021-04-12 11:20:42 , NULL                
 ly_h5_users_lb_snakeblock       ,17000, 0.59MB     , 1.52MB    , 用户表                                                          , 2021-04-12 11:20:42 , 2021-04-29 12:23:17 
 ly_h5_users_lb_splashy          ,16609, 0.61MB     , 1.52MB    , 用户表                                                          , 2021-04-12 11:20:42 , NULL                
 ly_h5_users_lb_tafangsanguo     ,12177, 0.44MB     , 1.52MB    , 用户表                                                          , 2021-04-12 11:20:42 , NULL                
 ly_h5_users_lb_tetris           ,29566, 0.84MB     , 1.52MB    , 用户表                                                          , 2021-04-12 11:20:42 , 2021-04-29 13:07:52 
 ly_h5_users_lb_vegetable2       ,23408, 0.86MB     , 1.52MB    , 用户表                                                          , 2021-04-12 11:20:42 , 2021-04-29 12:17:53 
 ly_h5_users_lb_yzdh             ,0, 0.03MB     , 0.02MB    , 用户表                                                          , 2021-04-12 11:20:42 , NULL                
 ly_h5_users_lb_zuma             ,17415, 0.52MB     , 1.52MB    , 用户表                                                          , 2021-04-12 11:20:42 , NULL                
 ly_h5_users_leishou_balala      ,1624, 0.09MB     , 0.11MB    , 用户表                                                          , 2021-04-12 11:20:42 , 2021-04-28 23:00:23 
 ly_h5_users_leishou_blfc        ,29171, 1.97MB     , 1.52MB    , 用户表                                                          , 2021-04-12 11:20:42 , 2021-04-28 20:32:11 
 ly_h5_users_leishou_bllmfbs     ,18320, 0.66MB     , 1.52MB    , 用户表                                                          , 2021-04-12 11:20:42 , 2021-04-29 08:39:49 
 ly_h5_users_leishou_fmsn        ,7126, 0.27MB     , 0.34MB    , 用户表                                                          , 2021-04-12 11:20:42 , 2021-04-29 09:31:24 
 ly_h5_users_leishou_hcrsszj     ,2, 0.03MB     , 0.02MB    , 用户表                                                          , 2021-04-12 11:20:42 , NULL                
 ly_h5_users_leishou_hhgn        ,7475, 0.31MB     , 0.36MB    , 用户表                                                          , 2021-04-12 11:20:42 , 2021-04-29 12:59:01 
 ly_h5_users_leishou_sgrzbxs     ,9841, 0.34MB     , 0.47MB    , 用户表                                                          , 2021-04-12 11:20:42 , 2021-04-29 12:54:18 
 ly_h5_users_leishou_ssjg        ,2946, 0.16MB     , 0.16MB    , 用户表                                                          , 2021-04-12 11:20:42 , 2021-04-28 20:52:35 
 ly_h5_users_leishou_txgg        ,1584, 0.09MB     , 0.11MB    , 用户表                                                          , 2021-04-12 11:20:42 , 2021-04-28 23:02:55 
 ly_h5_users_leishou_xhx         ,3802, 0.16MB     , 0.20MB    , 用户表                                                          , 2021-04-12 11:20:42 , 2021-04-29 11:11:31 
 ly_h5_users_leishou_xhxshts     ,57778, 3.03MB     , 3.52MB    , 用户表                                                          , 2021-04-12 11:20:42 , 2021-04-29 12:06:01 
 ly_h5_users_leishou_ylljlm      ,11535, 0.45MB     , 1.52MB    , 用户表                                                          , 2021-04-12 11:20:42 , 2021-04-29 12:48:50 
 ly_h5_users_leishou_yllwwd      ,14593, 0.56MB     , 1.52MB    , 用户表                                                          , 2021-04-12 11:20:42 , 2021-04-29 10:37:53 
 ly_h5_users_lm_2048szxxl        ,199, 0.03MB     , 0.02MB    , 用户表                                                          , 2021-04-21 11:12:21 , 2021-04-29 12:54:53 
 ly_h5_users_lm_bxxx             ,4, 0.03MB     , 0.02MB    , 用户表                                                          , 2021-04-19 16:52:47 , 2021-04-20 17:17:37 
 ly_h5_users_lm_ggdzz            ,115, 0.03MB     , 0.02MB    , 用户表                                                          , 2021-04-21 11:12:24 , 2021-04-29 12:22:27 
 ly_h5_users_lm_sbcq             ,55, 0.03MB     , 0.02MB    , 用户表                                                          , 2021-04-20 14:13:21 , 2021-04-29 12:28:24 
 ly_h5_users_lq_dhdl             ,29, 0.03MB     , 0.02MB    , 用户表                                                          , 2021-04-14 13:31:27 , 2021-04-29 12:54:38 
 ly_h5_users_lq_fszr             ,67, 0.03MB     , 0.02MB    , 用户表                                                          , 2021-04-14 13:31:37 , 2021-04-29 07:03:23 
 ly_h5_users_ls_bwxsc            ,0, 0.03MB     , 0.02MB    , 用户表                                                          , 2021-04-12 11:20:42 , NULL                
 ly_h5_users_ls_bxcy             ,29248, 1.95MB     , 1.52MB    , 用户表                                                          , 2021-04-12 11:20:42 , NULL                
 ly_h5_users_ls_bzqg             ,10856, 0.47MB     , 0.52MB    , 用户表                                                          , 2021-04-12 11:20:42 , NULL                
 ly_h5_users_ls_cjqs             ,0, 0.03MB     , 0.02MB    , 用户表                                                          , 2021-04-12 11:20:42 , NULL                
 ly_h5_users_ls_dwks             ,0, 0.03MB     , 0.02MB    , 用户表                                                          , 2021-04-12 11:20:42 , NULL                
 ly_h5_users_ls_fkbcs            ,0, 0.03MB     , 0.02MB    , 用户表                                                          , 2021-04-12 11:20:42 , NULL                
 ly_h5_users_ls_fkxsc            ,2, 0.03MB     , 0.02MB    , 用户表                                                          , 2021-04-12 11:20:42 , NULL                
 ly_h5_users_ls_gzll             ,44911, 3.03MB     , 2.52MB    , 用户表                                                          , 2021-04-12 11:20:42 , 2021-04-29 13:04:03 
 ly_h5_users_ls_hldmx            ,0, 0.03MB     , 0.02MB    , 用户表                                                          , 2021-04-12 11:20:42 , NULL                
 ly_h5_users_ls_jsds             ,0, 0.03MB     , 0.02MB    , 用户表                                                          , 2021-04-12 11:20:42 , NULL                
 ly_h5_users_ls_llss             ,0, 0.03MB     , 0.02MB    , 用户表                                                          , 2021-04-12 11:20:42 , NULL                
 ly_h5_users_ls_lsjkl            ,3, 0.03MB     , 0.02MB    , 用户表                                                          , 2021-04-12 11:20:42 , NULL                
 ly_h5_users_ls_lxdtz            ,0, 0.03MB     , 0.02MB    , 用户表                                                          , 2021-04-12 11:20:42 , NULL                
 ly_h5_users_ls_mrddz            ,11196, 0.42MB     , 1.52MB    , 用户表                                                          , 2021-04-12 11:20:42 , 2021-04-28 14:12:51 
 ly_h5_users_ls_pydh             ,2, 0.03MB     , 0.02MB    , 用户表                                                          , 2021-04-12 11:20:42 , NULL                
 ly_h5_users_ls_qqbj             ,0, 0.03MB     , 0.02MB    , 用户表                                                          , 2021-04-12 11:20:42 , NULL                
 ly_h5_users_ls_qqks             ,0, 0.03MB     , 0.02MB    , 用户表                                                          , 2021-04-12 11:20:42 , NULL                
 ly_h5_users_ls_qqpd             ,0, 0.03MB     , 0.02MB    , 用户表                                                          , 2021-04-12 11:20:42 , NULL                
 ly_h5_users_ls_stdzz            ,0, 0.03MB     , 0.02MB    , 用户表                                                          , 2021-04-12 11:20:42 , NULL                
 ly_h5_users_ls_szdmx            ,0, 0.03MB     , 0.02MB    , 用户表                                                          , 2021-04-12 11:20:42 , NULL                
 ly_h5_users_ls_thqs             ,19682, 0.69MB     , 1.52MB    , 用户表                                                          , 2021-04-12 11:20:42 , 2021-04-29 07:56:45 
 ly_h5_users_ls_ttazc            ,23317, 0.86MB     , 1.52MB    , 用户表                                                          , 2021-04-12 11:20:42 , 2021-04-29 12:55:11 
 ly_h5_users_ls_wzppl            ,28513, 1.95MB     , 1.52MB    , 用户表                                                          , 2021-04-12 11:20:42 , NULL                
 ly_h5_users_ls_xdlxs            ,34958, 3.03MB     , 2.52MB    , 用户表                                                          , 2021-04-12 11:20:42 , 2021-04-29 11:26:10 
 ly_h5_users_ls_zjxjj            ,11196, 0.44MB     , 1.52MB    , 用户表                                                          , 2021-04-12 11:20:42 , 2021-04-28 23:17:31 
 ly_h5_users_ly_bsllk            ,0, 0.03MB     , 0.02MB    , 用户表                                                          , 2021-04-12 11:20:42 , NULL                
 ly_h5_users_ly_cjb              ,0, 0.03MB     , 0.02MB    , 用户表                                                          , 2021-04-12 11:20:42 , NULL                
 ly_h5_users_ly_cyxg             ,33561, 2.03MB     , 2.52MB    , 用户表                                                          , 2021-04-12 11:20:42 , NULL                
 ly_h5_users_ly_dydh             ,0, 0.03MB     , 0.02MB    , 用户表                                                          , 2021-04-12 11:20:42 , NULL                
 ly_h5_users_ly_fkdzk            ,2, 0.03MB     , 0.02MB    , 用户表                                                          , 2021-04-12 11:20:42 , NULL                
 ly_h5_users_ly_fkkdy            ,0, 0.03MB     , 0.02MB    , 用户表                                                          , 2021-04-12 11:20:42 , NULL                
 ly_h5_users_ly_fydzz            ,8, 0.03MB     , 0.02MB    , 用户表                                                          , 2021-04-12 11:20:42 , NULL                
 ly_h5_users_ly_ggllk            ,0, 0.03MB     , 0.02MB    , 用户表                                                          , 2021-04-12 11:20:42 , NULL                
 ly_h5_users_ly_ggtyt            ,0, 0.03MB     , 0.02MB    , 用户表                                                          , 2021-04-12 11:20:42 , NULL                
 ly_h5_users_ly_hcr              ,11195, 0.44MB     , 1.52MB    , 用户表                                                          , 2021-04-12 11:20:42 , NULL                
 ly_h5_users_ly_hsdtw            ,26, 0.03MB     , 0.02MB    , 用户表                                                          , 2021-04-12 11:20:42 , NULL                
 ly_h5_users_ly_hyxn             ,0, 0.03MB     , 0.02MB    , 用户表                                                          , 2021-04-12 11:20:42 , NULL                
 ly_h5_users_ly_jszj             ,0, 0.03MB     , 0.02MB    , 用户表                                                          , 2021-04-12 11:20:42 , NULL                
 ly_h5_users_ly_kljcz            ,0, 0.03MB     , 0.02MB    , 用户表                                                          , 2021-04-12 11:20:42 , NULL                
 ly_h5_users_ly_slm              ,0, 0.03MB     , 0.02MB    , 用户表                                                          , 2021-04-12 11:20:42 , NULL                
 ly_h5_users_ly_snrjx100c        ,0, 0.03MB     , 0.02MB    , 用户表                                                          , 2021-04-12 11:20:42 , NULL                
 ly_h5_users_ly_tcs              ,0, 0.03MB     , 0.02MB    , 用户表                                                          , 2021-04-12 11:20:42 , NULL                
 ly_h5_users_ly_tqwg             ,0, 0.03MB     , 0.02MB    , 用户表                                                          , 2021-04-12 11:20:42 , NULL                
 ly_h5_users_ly_wjxnzq           ,0, 0.03MB     , 0.02MB    , 用户表                                                          , 2021-04-12 11:20:42 , NULL                
 ly_h5_users_ly_xhl              ,0, 0.03MB     , 0.02MB    , 用户表                                                          , 2021-04-12 11:20:42 , NULL                
 ly_h5_users_ly_xmfk             ,0, 0.03MB     , 0.02MB    , 用户表                                                          , 2021-04-12 11:20:42 , NULL                
 ly_h5_users_ly_xmhc             ,0, 0.03MB     , 0.02MB    , 用户表                                                          , 2021-04-12 11:20:42 , NULL                
 ly_h5_users_lyq_mhpy            ,4, 0.03MB     , 0.02MB    , 用户表                                                          , 2021-04-12 11:20:42 , NULL                
 ly_h5_users_pld_hljjddz         ,476, 0.03MB     , 0.05MB    , 用户表                                                          , 2021-04-19 17:02:02 , 2021-04-29 12:59:02 
 ly_h5_users_qm_sd               ,4511, 0.20MB     , 0.23MB    , 用户表                                                          , 2021-04-12 11:20:42 , 2021-04-29 13:05:45 
 ly_h5_users_qunhei_dldl         ,8, 0.03MB     , 0.02MB    , 用户表                                                          , 2021-04-12 11:20:42 , NULL                
 ly_h5_users_qunhei_hcqy         ,0, 0.03MB     , 0.02MB    , 用户表                                                          , 2021-04-28 19:34:34 , NULL                
 ly_h5_users_rs_2048             ,5929, 0.25MB     , 0.30MB    , 用户表                                                          , 2021-04-12 11:20:42 , NULL                
 ly_h5_users_rs_csgqq            ,5627, 0.25MB     , 0.28MB    , 用户表                                                          , 2021-04-12 11:20:42 , NULL                
 ly_h5_users_rs_csz              ,3315, 0.16MB     , 0.17MB    , 用户表                                                          , 2021-04-12 11:20:42 , NULL                
 ly_h5_users_rs_ggtyt            ,0, 0.03MB     , 0.02MB    , 用户表                                                          , 2021-04-12 11:20:42 , NULL                
 ly_h5_users_rs_hcrgf            ,2114, 0.11MB     , 0.13MB    , 用户表                                                          , 2021-04-12 11:20:42 , NULL                
 ly_h5_users_rs_hgxxl            ,2426, 0.13MB     , 0.14MB    , 用户表                                                          , 2021-04-12 11:20:42 , NULL                
 ly_h5_users_rs_kxxxl            ,24093, 1.94MB     , 1.52MB    , 用户表                                                          , 2021-04-12 11:20:42 , NULL                
 ly_h5_users_rs_rzqsg            ,9838, 0.36MB     , 0.47MB    , 用户表                                                          , 2021-04-12 11:20:42 , NULL                
 ly_h5_users_shyx_lhcs           ,40, 0.03MB     , 0.02MB    , 用户表                                                          , 2021-04-12 15:21:12 , 2021-04-28 22:17:48 
 ly_h5_users_ss_wzzr             ,6195, 0.27MB     , 0.31MB    , 用户表                                                          , 2021-04-12 11:20:42 , 2021-04-29 12:54:12 
 ly_h5_users_ss_xkddmx           ,3821, 0.16MB     , 0.20MB    , 用户表                                                          , 2021-04-12 11:20:42 , 2021-04-29 12:37:02 
 ly_h5_users_ss_zmcj             ,4597, 0.17MB     , 0.23MB    , 用户表                                                          , 2021-04-12 11:20:42 , 2021-04-29 12:25:57 
 ly_h5_users_tangd_hlddzsdb      ,13253, 0.52MB     , 1.52MB    , 用户表                                                          , 2021-04-12 11:20:42 , 2021-04-29 12:44:17 
 ly_h5_users_wl_cxrrcqc          ,0, 0.03MB     , 0.02MB    , 用户表                                                          , 2021-04-27 17:21:19 , NULL                
 ly_h5_users_wl_gsbbswxz         ,0, 0.03MB     , 0.02MB    , 用户表                                                          , 2021-04-28 17:56:01 , NULL                
 ly_h5_users_wl_jrcs             ,2, 0.03MB     , 0.02MB    , 用户表                                                          , 2021-04-23 17:34:00 , 2021-04-29 11:31:50 
 ly_h5_users_wl_xzlcgm           ,0, 0.03MB     , 0.02MB    , 用户表                                                          , 2021-04-28 17:57:01 , NULL                
 ly_h5_users_wl_yhzgmv           ,0, 0.03MB     , 0.02MB    , 用户表                                                          , 2021-04-28 17:56:58 , NULL                
 ly_h5_users_wl_yttx             ,0, 0.03MB     , 0.02MB    , 用户表                                                          , 2021-04-28 17:57:56 , NULL                
 ly_h5_users_wl_zsxsjscb         ,0, 0.03MB     , 0.02MB    , 用户表                                                          , 2021-04-28 17:57:52 , NULL                
 ly_h5_users_wlsy_cjxbl          ,0, 0.03MB     , 0.02MB    , 用户表                                                          , 2021-04-12 11:20:42 , NULL                
 ly_h5_users_yfsd_sxkhjm         ,35844, 3.03MB     , 2.52MB    , 用户表                                                          , 2021-04-12 11:20:42 , NULL                
 ly_h5_users_yiwan_jbdfw         ,437042, 14.03MB    , 19.52MB   , 用户表                                                          , 2021-04-12 11:20:42 , 2021-04-29 13:08:14 
 ly_h5_users_yiwan_mjxbyx        ,9499, 0.31MB     , 0.45MB    , 用户表                                                          , 2021-04-12 11:20:42 , NULL                
 ly_h5_users_yxg_gsqz            ,0, 0.03MB     , 0.02MB    , 用户表                                                          , 2021-04-27 14:23:05 , 2021-04-27 16:44:20 
 ly_h5_users_yxg_gzmy            ,15, 0.03MB     , 0.02MB    , 用户表                                                          , 2021-04-27 14:22:17 , 2021-04-29 09:24:03 
 ly_h5_users_yxg_mjzj            ,35, 0.03MB     , 0.02MB    , 用户表                                                          , 2021-04-26 15:45:40 , 2021-04-29 12:27:33 
 ly_h5_users_yxg_mycs            ,0, 0.03MB     , 0.02MB    , 用户表                                                          , 2021-04-26 15:45:21 , 2021-04-27 15:16:54 
 ly_h5_users_yxg_mycsh5          ,0, 0.03MB     , 0.02MB    , 用户表                                                          , 2021-04-27 14:25:34 , NULL                
 ly_h5_users_yxg_nsbwz           ,8, 0.03MB     , 0.02MB    , 用户表                                                          , 2021-04-27 14:23:35 , 2021-04-29 04:05:21 
 ly_h5_users_yxg_sgj             ,0, 0.03MB     , 0.02MB    , 用户表                                                          , 2021-04-27 14:24:03 , 2021-04-27 16:37:09 
 ly_h5_users_yxg_sytt            ,0, 0.03MB     , 0.02MB    , 用户表                                                          , 2021-04-27 14:25:09 , 2021-04-27 16:32:57 
 ly_h5_users_yxg_xaxx            ,16, 0.03MB     , 0.02MB    , 用户表                                                          , 2021-04-27 14:21:46 , 2021-04-29 10:03:19 
 ly_h5_users_yxg_yscmk           ,2, 0.03MB     , 0.02MB    , 用户表                                                          , 2021-04-27 14:24:36 , 2021-04-27 16:35:37 
 ly_h5_users_yxg_zjty            ,0, 0.03MB     , 0.02MB    , 用户表                                                          , 2021-04-27 14:21:17 , NULL                
 ly_once_task_orders             ,30522, 0.00MB     , 2.34MB    , 游戏联运用户完成过的一次性任务表                                , 2021-04-12 11:20:42 , 2021-04-29 09:50:52 
 ly_pay_key                      ,34, 0.03MB     , 0.02MB    , 游戏联运支付密钥                                                , 2021-04-12 11:20:42 , 2021-04-25 13:59:13 
 ly_pay_rebate_game              ,2, 0.00MB     , 0.02MB    , 游戏联运充值返利游戏配置表                                      , 2021-04-12 11:20:42 , NULL                
 ly_task_orders                  ,282455, 39.63MB    , 46.56MB   , 游戏联运任务完成记录表                                          , 2021-04-12 11:20:42 , NULL                
 ly_task_orders_2019_04          ,0, 0.08MB     , 0.02MB    , 游戏联运任务完成记录表                                          , 2021-04-12 11:20:42 , NULL                
 ly_task_orders_2019_05          ,0, 0.08MB     , 0.02MB    , 游戏联运任务完成记录表                                          , 2021-04-12 11:20:42 , NULL                
 ly_task_orders_2019_06          ,0, 0.08MB     , 0.02MB    , 游戏联运任务完成记录表                                          , 2021-04-12 11:20:42 , NULL                
 ly_task_orders_2019_07          ,161869, 24.61MB    , 31.55MB   , 游戏联运任务完成记录表                                          , 2021-04-12 11:20:42 , NULL                
 ly_task_orders_2019_08          ,44100, 9.58MB     , 8.52MB    , 游戏联运任务完成记录表                                          , 2021-04-12 11:20:42 , NULL                
 ly_task_orders_2019_09          ,58087, 12.58MB    , 7.52MB    , 游戏联运任务完成记录表                                          , 2021-04-12 11:20:42 , NULL                
 ly_task_orders_2019_10          ,49004, 10.58MB    , 7.52MB    , 游戏联运任务完成记录表                                          , 2021-04-12 11:20:42 , NULL                
 ly_task_orders_2019_11          ,69632, 13.58MB    , 12.52MB   , 游戏联运任务完成记录表                                          , 2021-04-12 11:20:42 , NULL                
 ly_task_orders_2019_12          ,50031, 10.58MB    , 9.52MB    , 游戏联运任务完成记录表                                          , 2021-04-12 11:20:42 , NULL                
 ly_task_orders_2020_01          ,33983, 8.58MB     , 6.52MB    , 游戏联运任务完成记录表                                          , 2021-04-12 11:20:42 , NULL                
 ly_task_orders_2020_02          ,56985, 13.58MB    , 10.52MB   , 游戏联运任务完成记录表                                          , 2021-04-12 11:20:42 , NULL                
 ly_task_orders_2020_03          ,39868, 9.58MB     , 6.52MB    , 游戏联运任务完成记录表                                          , 2021-04-12 11:20:42 , NULL                
 ly_task_orders_2020_04          ,32235, 7.58MB     , 5.52MB    , 游戏联运任务完成记录表                                          , 2021-04-12 11:20:42 , NULL                
 ly_task_orders_2020_05          ,20020, 6.39MB     , 4.52MB    , 游戏联运任务完成记录表                                          , 2021-04-12 11:20:42 , NULL                
 ly_task_orders_2020_06          ,24608, 6.44MB     , 5.52MB    , 游戏联运任务完成记录表                                          , 2021-04-12 11:20:42 , NULL                
 ly_task_orders_2020_07          ,16669, 4.14MB     , 3.52MB    , 游戏联运任务完成记录表                                          , 2021-04-12 11:20:42 , NULL                
 ly_task_orders_2020_08          ,12942, 2.80MB     , 2.52MB    , 游戏联运任务完成记录表                                          , 2021-04-12 11:20:42 , NULL                
 ly_task_orders_2020_09          ,11083, 2.64MB     , 2.52MB    , 游戏联运任务完成记录表                                          , 2021-04-12 11:20:42 , NULL                
 ly_task_orders_2020_10          ,10017, 1.48MB     , 2.52MB    , 游戏联运任务完成记录表                                          , 2021-04-12 11:20:42 , NULL                
 ly_task_orders_2020_11          ,9371, 1.47MB     , 2.52MB    , 游戏联运任务完成记录表                                          , 2021-04-12 11:20:42 , NULL                
 ly_task_orders_2020_12          ,9372, 2.50MB     , 2.52MB    , 游戏联运任务完成记录表                                          , 2021-04-12 11:20:42 , NULL                
 ly_task_orders_2021_01          ,13027, 2.91MB     , 3.52MB    , 游戏联运任务完成记录表                                          , 2021-04-12 11:20:42 , NULL                
 ly_task_orders_2021_02          ,10334, 1.50MB     , 2.52MB    , 游戏联运任务完成记录表                                          , 2021-04-12 11:20:42 , NULL                
 ly_task_orders_2021_03          ,13919, 2.84MB     , 3.52MB    , 游戏联运任务完成记录表                                          , 2021-04-12 11:20:42 , NULL                
 ly_task_orders_2021_04          ,11108, 2.66MB     , 3.52MB    , 游戏联运任务完成记录表                                          , 2021-04-12 11:20:42 , 2021-04-29 13:03:15 
 ly_task_orders_2021_05          ,0, 0.08MB     , 0.02MB    , 游戏联运任务完成记录表                                          , 2021-04-12 11:20:42 , NULL                
 ly_task_orders_2021_06          ,0, 0.08MB     , 0.02MB    , 游戏联运任务完成记录表                                          , 2021-04-12 11:20:42 , NULL                
 ly_task_orders_2021_07          ,0, 0.08MB     , 0.02MB    , 游戏联运任务完成记录表                                          , 2021-04-15 00:00:01 , NULL                
 ly_tasks                        ,79, 0.02MB     , 0.02MB    , 游戏联运任务表                                                  , 2021-04-12 11:20:42 , NULL                
 ly_users_37_zytl                ,27408, 3.42MB     , 8.52MB    , 用户表                                                          , 2021-04-12 11:20:42 , 2021-04-28 00:19:32 
 ly_users_37sy_jlsd_app          ,412, 0.05MB     , 0.14MB    , 用户表                                                          , 2021-04-12 11:20:42 , 2021-04-17 20:00:26 
 ly_users_gc_dszy_app            ,0, 0.05MB     , 0.02MB    , 用户表                                                          , 2021-04-12 11:20:42 , NULL                
 ly_users_my_dzdh                ,9324, 0.75MB     , 3.52MB    , 用户表                                                          , 2021-04-12 11:20:42 , NULL                
 ly_users_null_game              ,8, 0.05MB     , 0.02MB    , 用户表                                                          , 2021-04-12 11:20:42 , NULL                
 ly_users_yiwan_jbdfw_app        ,10307, 0.73MB     , 3.52MB    , 用户表                                                          , 2021-04-12 11:20:42 , 2021-04-29 13:05:16 
 ly_users_yiwan_mhls_app         ,1050, 0.11MB     , 0.31MB    , 用户表                                                          , 2021-04-12 11:20:42 , NULL                
 ly_users_yiwan_sdgs_app         ,820, 0.08MB     , 0.27MB    , 用户表                                                          , 2021-04-12 11:20:42 , 2021-04-22 19:57:33 
 ly_users_yxly_platform          ,0, 0.05MB     , 0.02MB    , 用户表                                                          , 2021-04-12 11:20:42 , NULL                
 ly_xq_gold_orders               ,258948, 22.59MB    , 49.56MB   , 星球联盟加减金币订单                                            , 2021-04-12 11:20:42 , 2021-04-29 12:56:39 
 open_game                       ,78, 0.03MB     , 0.05MB    , 游戏中心-开放平台-游戏信息                                      , 2021-04-15 14:09:42 , 2021-04-28 19:33:47 
 open_game_material              ,52, 0.00MB     , 0.02MB    , 游戏中心-开放平台-游戏素材                                      , 2021-04-12 11:20:42 , 2021-04-28 19:22:56 
 open_user                       ,18, 0.02MB     , 0.02MB    , 游戏中心-开放平台-用户信息                                      , 2021-04-12 11:20:42 , 2021-04-29 09:43:23 
 task_orders                     ,9583018, 1000.22MB  , 857.98MB  , 捕鱼联运任务完成记录表                                          , 2021-04-12 11:20:42 , 2021-04-29 13:07:01 
 tasks                           ,49, 0.00MB     , 0.02MB    , 捕鱼联运任务表                                                  , 2021-04-12 11:20:42 , NULL                
 users                           ,574537, 30.06MB    , 37.52MB   , 捕鱼联运用户表                                                  , 2021-04-12 11:20:42 , 2021-04-29 12:56:27 
